src,dst,type
845,128,REL
368,8,REL
752,883,REL
290,512,REL
78,25,REL
393,254,REL
301,658,REL
710,702,REL
669,790,REL
692,793,REL
684,736,REL
837,116,REL
611,712,REL
176,984,REL
949,479,REL
330,183,REL
241,654,REL
382,43,REL
439,151,REL
62,721,REL
885,485,REL
978,189,REL
669,163,REL
42,583,REL
55,804,REL
7,422,REL
948,634,REL
847,171,REL
33,176,REL
61,11,REL
827,444,REL
279,823,REL
677,800,REL
178,31,REL
301,759,REL
46,417,REL
925,487,REL
96,952,REL
562,621,REL
907,424,REL
581,992,REL
860,229,REL
375,542,REL
376,534,REL
479,734,REL
419,951,REL
328,250,REL
851,920,REL
170,36,REL
101,34,REL
504,338,REL
94,745,REL
168,560,REL
858,878,REL
745,581,REL
745,710,REL
880,134,REL
585,42,REL
773,371,REL
974,492,REL
144,157,REL
315,278,REL
240,110,REL
797,762,REL
702,96,REL
291,61,REL
321,835,REL
214,286,REL
355,242,REL
775,836,REL
877,116,REL
457,981,REL
663,196,REL
964,10,REL
568,220,REL
254,928,REL
501,363,REL
470,392,REL
722,546,REL
797,300,REL
534,834,REL
69,806,REL
865,868,REL
894,714,REL
399,733,REL
199,852,REL
760,640,REL
248,705,REL
148,688,REL
432,454,REL
260,581,REL
488,142,REL
667,266,REL
315,482,REL
692,105,REL
930,78,REL
955,777,REL
952,734,REL
99,474,REL
780,119,REL
281,883,REL
210,350,REL
222,363,REL
548,134,REL
871,863,REL
504,521,REL
117,498,REL
316,680,REL
289,292,REL
905,751,REL
654,94,REL
403,469,REL
785,273,REL
79,608,REL
898,499,REL
708,102,REL
787,818,REL
204,703,REL
275,914,REL
272,471,REL
10,437,REL
466,813,REL
300,4,REL
877,393,REL
432,855,REL
940,736,REL
197,724,REL
973,587,REL
545,220,REL
435,236,REL
325,949,REL
740,637,REL
788,947,REL
8,920,REL
617,802,REL
438,515,REL
239,887,REL
289,890,REL
835,936,REL
440,428,REL
279,938,REL
458,266,REL
86,337,REL
523,229,REL
600,789,REL
630,28,REL
750,449,REL
521,330,REL
431,88,REL
22,545,REL
445,760,REL
849,756,REL
784,649,REL
298,845,REL
376,491,REL
965,650,REL
261,90,REL
218,895,REL
730,5,REL
607,714,REL
509,262,REL
846,367,REL
43,580,REL
127,186,REL
256,89,REL
328,2,REL
234,662,REL
985,680,REL
982,751,REL
612,685,REL
230,65,REL
847,658,REL
861,931,REL
279,489,REL
869,229,REL
625,341,REL
980,468,REL
872,819,REL
511,685,REL
600,623,REL
14,605,REL
824,711,REL
943,208,REL
907,495,REL
102,234,REL
366,393,REL
181,954,REL
685,275,REL
503,581,REL
788,908,REL
258,309,REL
557,776,REL
604,809,REL
631,276,REL
513,827,REL
498,231,REL
117,783,REL
412,842,REL
495,996,REL
487,565,REL
748,700,REL
859,60,REL
311,947,REL
507,675,REL
323,478,REL
275,545,REL
966,928,REL
495,795,REL
597,774,REL
79,566,REL
579,544,REL
559,370,REL
596,657,REL
473,118,REL
751,944,REL
386,511,REL
440,562,REL
356,353,REL
742,989,REL
468,708,REL
992,273,REL
860,635,REL
492,179,REL
25,166,REL
728,145,REL
806,719,REL
656,19,REL
647,477,REL
950,397,REL
709,681,REL
500,89,REL
373,77,REL
999,776,REL
993,593,REL
978,113,REL
258,215,REL
685,737,REL
897,984,REL
11,695,REL
769,368,REL
408,479,REL
707,272,REL
540,434,REL
275,815,REL
439,113,REL
190,623,REL
621,411,REL
634,749,REL
294,309,REL
240,235,REL
240,718,REL
15,994,REL
152,445,REL
459,117,REL
48,541,REL
614,167,REL
301,935,REL
658,929,REL
3,445,REL
46,776,REL
152,376,REL
161,286,REL
817,485,REL
20,29,REL
778,485,REL
121,369,REL
504,161,REL
781,211,REL
173,355,REL
986,797,REL
297,170,REL
735,881,REL
54,180,REL
630,826,REL
944,663,REL
923,933,REL
198,526,REL
868,752,REL
166,722,REL
544,389,REL
514,438,REL
544,730,REL
874,505,REL
552,91,REL
595,378,REL
550,831,REL
51,169,REL
697,464,REL
819,548,REL
782,59,REL
140,431,REL
225,355,REL
74,662,REL
361,824,REL
28,827,REL
588,762,REL
594,392,REL
451,6,REL
134,369,REL
502,604,REL
424,522,REL
183,681,REL
583,191,REL
751,484,REL
555,529,REL
900,480,REL
151,613,REL
668,351,REL
27,968,REL
75,561,REL
390,689,REL
140,471,REL
872,239,REL
997,860,REL
269,312,REL
761,385,REL
20,154,REL
297,737,REL
525,701,REL
612,703,REL
568,228,REL
26,232,REL
718,737,REL
862,361,REL
150,218,REL
725,91,REL
883,753,REL
471,495,REL
229,962,REL
5,548,REL
247,3,REL
172,522,REL
390,561,REL
282,324,REL
524,978,REL
257,376,REL
424,200,REL
184,534,REL
880,233,REL
257,551,REL
998,692,REL
568,284,REL
18,617,REL
10,574,REL
942,735,REL
529,408,REL
246,435,REL
424,783,REL
193,233,REL
320,215,REL
220,263,REL
46,212,REL
769,378,REL
454,885,REL
114,469,REL
19,720,REL
382,229,REL
91,277,REL
763,829,REL
842,281,REL
911,473,REL
995,461,REL
682,953,REL
495,126,REL
453,447,REL
509,185,REL
972,308,REL
815,895,REL
298,51,REL
409,510,REL
802,519,REL
74,935,REL
52,957,REL
914,649,REL
116,416,REL
235,568,REL
989,231,REL
223,807,REL
146,498,REL
244,308,REL
697,533,REL
379,452,REL
494,416,REL
205,320,REL
656,373,REL
292,777,REL
544,708,REL
496,516,REL
231,809,REL
12,932,REL
902,735,REL
122,621,REL
805,510,REL
59,450,REL
957,847,REL
303,581,REL
457,573,REL
293,466,REL
311,862,REL
478,848,REL
867,850,REL
127,784,REL
672,6,REL
891,825,REL
399,854,REL
433,857,REL
593,861,REL
363,399,REL
274,510,REL
573,113,REL
651,616,REL
929,214,REL
349,311,REL
346,192,REL
827,815,REL
662,438,REL
967,477,REL
625,954,REL
760,663,REL
373,612,REL
211,903,REL
898,904,REL
317,887,REL
732,100,REL
702,686,REL
777,258,REL
215,27,REL
891,333,REL
465,303,REL
246,6,REL
206,454,REL
777,217,REL
764,60,REL
366,795,REL
453,37,REL
207,263,REL
789,551,REL
258,989,REL
527,592,REL
799,379,REL
999,346,REL
129,1,REL
843,56,REL
772,749,REL
747,878,REL
880,329,REL
894,771,REL
847,743,REL
325,144,REL
530,45,REL
44,889,REL
324,362,REL
488,287,REL
506,744,REL
972,426,REL
107,426,REL
593,86,REL
746,598,REL
919,736,REL
32,409,REL
828,161,REL
955,761,REL
308,556,REL
88,865,REL
114,953,REL
191,537,REL
336,293,REL
781,990,REL
537,262,REL
492,219,REL
828,977,REL
305,970,REL
518,154,REL
394,121,REL
904,355,REL
460,977,REL
489,921,REL
429,714,REL
493,977,REL
769,432,REL
298,393,REL
693,888,REL
145,634,REL
459,652,REL
441,700,REL
889,211,REL
331,28,REL
44,49,REL
189,592,REL
249,819,REL
735,671,REL
365,183,REL
999,923,REL
161,370,REL
294,804,REL
78,64,REL
387,650,REL
216,608,REL
489,480,REL
452,768,REL
612,703,REL
792,231,REL
20,396,REL
313,37,REL
298,304,REL
750,811,REL
219,718,REL
435,548,REL
972,407,REL
380,420,REL
184,694,REL
930,152,REL
578,328,REL
756,387,REL
39,944,REL
156,222,REL
553,101,REL
704,966,REL
145,239,REL
467,38,REL
130,687,REL
103,160,REL
219,715,REL
687,699,REL
5,713,REL
297,54,REL
28,359,REL
983,401,REL
536,720,REL
997,601,REL
842,40,REL
216,741,REL
118,332,REL
9,747,REL
419,133,REL
809,784,REL
261,341,REL
487,458,REL
99,649,REL
786,787,REL
190,169,REL
622,905,REL
818,81,REL
670,404,REL
195,265,REL
76,417,REL
239,297,REL
320,695,REL
667,894,REL
230,24,REL
5,201,REL
904,872,REL
382,423,REL
542,39,REL
369,50,REL
830,861,REL
385,583,REL
785,628,REL
800,325,REL
671,792,REL
952,233,REL
133,927,REL
225,153,REL
265,42,REL
184,246,REL
412,85,REL
855,274,REL
489,756,REL
897,677,REL
289,862,REL
655,408,REL
677,751,REL
268,721,REL
879,542,REL
746,535,REL
660,130,REL
793,84,REL
750,741,REL
832,351,REL
375,224,REL
281,332,REL
499,893,REL
296,524,REL
751,793,REL
105,736,REL
693,479,REL
373,590,REL
961,715,REL
22,373,REL
665,921,REL
623,514,REL
758,616,REL
897,884,REL
921,877,REL
780,445,REL
115,434,REL
557,249,REL
706,818,REL
112,461,REL
171,468,REL
517,178,REL
182,121,REL
30,786,REL
271,931,REL
743,168,REL
471,976,REL
266,669,REL
646,46,REL
483,840,REL
832,682,REL
441,519,REL
702,560,REL
729,211,REL
719,686,REL
172,54,REL
555,661,REL
735,498,REL
643,248,REL
785,195,REL
825,843,REL
257,508,REL
729,570,REL
2,326,REL
168,960,REL
392,702,REL
150,186,REL
615,684,REL
924,726,REL
670,577,REL
942,853,REL
124,457,REL
707,937,REL
50,981,REL
296,156,REL
619,762,REL
166,237,REL
899,51,REL
816,23,REL
193,705,REL
352,214,REL
370,235,REL
354,148,REL
257,438,REL
842,101,REL
759,183,REL
669,536,REL
794,570,REL
384,307,REL
746,394,REL
693,134,REL
736,698,REL
438,946,REL
510,633,REL
817,225,REL
37,727,REL
657,693,REL
131,655,REL
718,250,REL
326,349,REL
637,585,REL
629,671,REL
697,591,REL
814,935,REL
939,990,REL
541,59,REL
513,805,REL
293,748,REL
532,304,REL
819,317,REL
146,770,REL
707,440,REL
665,14,REL
969,41,REL
288,496,REL
736,575,REL
954,569,REL
175,904,REL
126,697,REL
505,851,REL
753,876,REL
630,552,REL
913,621,REL
204,751,REL
49,102,REL
646,160,REL
403,652,REL
67,335,REL
719,710,REL
466,571,REL
880,322,REL
630,582,REL
629,688,REL
855,155,REL
332,685,REL
316,541,REL
166,270,REL
782,693,REL
405,706,REL
420,86,REL
660,231,REL
950,828,REL
400,859,REL
494,749,REL
709,82,REL
621,765,REL
876,204,REL
771,998,REL
618,662,REL
840,559,REL
255,81,REL
696,191,REL
613,779,REL
301,100,REL
462,612,REL
603,729,REL
74,508,REL
273,221,REL
358,121,REL
624,850,REL
218,943,REL
28,155,REL
856,736,REL
489,794,REL
412,636,REL
365,440,REL
886,740,REL
190,393,REL
249,252,REL
452,347,REL
441,518,REL
549,504,REL
614,858,REL
216,808,REL
82,966,REL
96,493,REL
775,746,REL
763,801,REL
566,347,REL
822,338,REL
834,89,REL
851,154,REL
738,441,REL
541,962,REL
854,13,REL
595,112,REL
769,13,REL
841,512,REL
791,758,REL
642,206,REL
531,454,REL
418,805,REL
973,423,REL
762,855,REL
199,742,REL
545,185,REL
414,199,REL
898,818,REL
891,53,REL
762,326,REL
238,351,REL
471,374,REL
950,808,REL
127,941,REL
40,886,REL
270,162,REL
885,194,REL
719,849,REL
922,414,REL
297,80,REL
11,507,REL
689,20,REL
438,975,REL
697,432,REL
458,580,REL
714,294,REL
17,719,REL
950,378,REL
927,758,REL
514,202,REL
486,348,REL
873,815,REL
388,771,REL
405,618,REL
657,986,REL
308,340,REL
704,81,REL
953,500,REL
24,861,REL
501,793,REL
516,951,REL
506,93,REL
447,774,REL
821,615,REL
525,204,REL
226,150,REL
279,669,REL
888,990,REL
528,758,REL
667,990,REL
824,740,REL
55,875,REL
628,121,REL
968,830,REL
858,960,REL
95,866,REL
695,105,REL
491,588,REL
862,536,REL
256,349,REL
514,999,REL
825,67,REL
626,197,REL
376,516,REL
690,746,REL
177,685,REL
507,696,REL
47,700,REL
13,785,REL
97,811,REL
253,672,REL
122,181,REL
720,837,REL
871,18,REL
657,963,REL
245,566,REL
480,955,REL
671,460,REL
257,575,REL
49,970,REL
55,685,REL
607,384,REL
423,831,REL
890,899,REL
222,51,REL
167,427,REL
482,432,REL
914,623,REL
648,612,REL
764,719,REL
869,544,REL
769,707,REL
269,842,REL
171,248,REL
412,5,REL
253,268,REL
495,680,REL
987,19,REL
343,322,REL
689,585,REL
981,100,REL
53,503,REL
30,527,REL
514,480,REL
517,4,REL
226,767,REL
337,585,REL
522,597,REL
953,340,REL
815,278,REL
928,432,REL
612,74,REL
811,757,REL
749,120,REL
987,782,REL
491,987,REL
436,897,REL
380,881,REL
876,657,REL
595,327,REL
977,558,REL
942,326,REL
172,884,REL
865,28,REL
311,125,REL
22,10,REL
112,307,REL
722,943,REL
452,243,REL
149,390,REL
840,677,REL
699,54,REL
140,608,REL
603,630,REL
877,558,REL
457,352,REL
964,910,REL
16,815,REL
817,384,REL
684,604,REL
447,731,REL
790,917,REL
563,599,REL
650,573,REL
472,356,REL
172,783,REL
3,881,REL
263,753,REL
864,929,REL
564,815,REL
230,866,REL
98,293,REL
978,627,REL
996,650,REL
266,418,REL
415,997,REL
989,433,REL
995,632,REL
537,939,REL
535,666,REL
437,666,REL
955,419,REL
809,501,REL
864,536,REL
587,670,REL
29,721,REL
519,839,REL
364,49,REL
38,592,REL
892,164,REL
559,319,REL
304,220,REL
913,154,REL
333,461,REL
951,549,REL
891,715,REL
772,144,REL
516,973,REL
809,92,REL
189,890,REL
64,93,REL
288,295,REL
617,640,REL
104,725,REL
960,377,REL
647,129,REL
566,620,REL
78,320,REL
428,175,REL
696,886,REL
187,372,REL
466,441,REL
619,209,REL
24,786,REL
7,535,REL
0,562,REL
753,312,REL
663,990,REL
743,819,REL
318,501,REL
895,260,REL
242,203,REL
786,247,REL
811,979,REL
176,855,REL
772,849,REL
942,321,REL
533,640,REL
850,0,REL
904,802,REL
112,986,REL
953,346,REL
532,241,REL
153,48,REL
655,480,REL
930,789,REL
819,122,REL
343,319,REL
636,968,REL
484,152,REL
403,687,REL
937,774,REL
763,10,REL
870,713,REL
447,116,REL
527,591,REL
546,707,REL
129,501,REL
318,722,REL
811,244,REL
595,490,REL
204,525,REL
723,623,REL
862,484,REL
44,320,REL
672,993,REL
431,419,REL
900,484,REL
999,823,REL
551,52,REL
912,854,REL
793,254,REL
556,790,REL
533,719,REL
716,818,REL
139,375,REL
287,948,REL
143,447,REL
587,829,REL
996,293,REL
188,761,REL
853,674,REL
687,864,REL
917,185,REL
862,559,REL
6,95,REL
195,947,REL
26,490,REL
278,192,REL
765,215,REL
890,137,REL
957,135,REL
192,598,REL
749,835,REL
265,832,REL
441,152,REL
179,919,REL
32,107,REL
985,813,REL
891,997,REL
776,120,REL
142,61,REL
9,34,REL
411,993,REL
9,465,REL
806,655,REL
692,782,REL
626,13,REL
284,911,REL
489,592,REL
151,553,REL
908,769,REL
620,815,REL
409,689,REL
211,299,REL
281,115,REL
531,666,REL
426,356,REL
635,360,REL
519,438,REL
675,875,REL
885,590,REL
784,147,REL
984,895,REL
662,974,REL
935,247,REL
354,631,REL
22,782,REL
163,831,REL
881,941,REL
476,427,REL
946,41,REL
175,209,REL
55,8,REL
570,492,REL
418,470,REL
23,581,REL
420,418,REL
115,222,REL
634,786,REL
928,392,REL
85,606,REL
179,94,REL
198,440,REL
196,62,REL
952,66,REL
123,16,REL
324,240,REL
379,858,REL
171,460,REL
930,816,REL
340,970,REL
416,581,REL
231,552,REL
38,881,REL
113,264,REL
967,953,REL
585,556,REL
396,834,REL
25,190,REL
248,311,REL
947,897,REL
79,528,REL
650,384,REL
475,256,REL
281,507,REL
53,908,REL
328,640,REL
122,143,REL
472,530,REL
605,524,REL
866,746,REL
498,148,REL
61,189,REL
1,342,REL
89,493,REL
803,42,REL
854,474,REL
688,226,REL
216,830,REL
851,553,REL
811,49,REL
634,62,REL
594,284,REL
163,195,REL
538,145,REL
371,566,REL
670,688,REL
241,772,REL
448,402,REL
265,219,REL
51,159,REL
214,371,REL
804,51,REL
27,91,REL
372,367,REL
83,769,REL
538,2,REL
221,191,REL
202,709,REL
509,674,REL
143,593,REL
972,504,REL
215,110,REL
497,921,REL
310,476,REL
469,71,REL
989,66,REL
473,306,REL
769,540,REL
519,719,REL
116,260,REL
642,493,REL
207,596,REL
516,986,REL
40,888,REL
433,362,REL
154,307,REL
649,305,REL
423,360,REL
582,826,REL
860,884,REL
415,855,REL
475,660,REL
397,572,REL
340,207,REL
650,522,REL
44,894,REL
995,35,REL
169,573,REL
512,147,REL
148,463,REL
230,268,REL
363,80,REL
342,115,REL
379,50,REL
805,454,REL
842,322,REL
493,876,REL
281,164,REL
592,453,REL
943,796,REL
604,289,REL
145,407,REL
950,162,REL
951,828,REL
223,267,REL
764,665,REL
905,233,REL
825,474,REL
641,569,REL
828,425,REL
356,67,REL
264,645,REL
662,586,REL
533,272,REL
162,956,REL
996,560,REL
859,727,REL
362,439,REL
970,572,REL
314,70,REL
264,216,REL
915,990,REL
283,761,REL
197,180,REL
26,565,REL
673,894,REL
839,144,REL
709,560,REL
556,271,REL
294,196,REL
318,717,REL
216,265,REL
443,32,REL
292,129,REL
961,607,REL
575,312,REL
502,762,REL
367,871,REL
78,307,REL
228,937,REL
52,917,REL
662,496,REL
66,700,REL
886,206,REL
996,195,REL
234,848,REL
608,623,REL
901,588,REL
384,490,REL
703,255,REL
64,660,REL
166,861,REL
927,33,REL
647,435,REL
280,607,REL
695,307,REL
722,339,REL
276,142,REL
290,580,REL
688,102,REL
353,363,REL
995,689,REL
537,355,REL
517,476,REL
557,138,REL
156,868,REL
63,228,REL
949,58,REL
148,518,REL
454,986,REL
942,679,REL
593,458,REL
927,858,REL
286,214,REL
54,79,REL
547,438,REL
502,87,REL
384,288,REL
68,299,REL
918,36,REL
153,152,REL
375,108,REL
38,758,REL
820,412,REL
217,169,REL
805,399,REL
525,814,REL
403,394,REL
852,142,REL
404,647,REL
453,89,REL
443,787,REL
739,257,REL
209,452,REL
767,558,REL
980,31,REL
469,984,REL
691,465,REL
488,392,REL
393,749,REL
297,659,REL
958,444,REL
10,390,REL
670,947,REL
63,268,REL
991,436,REL
779,791,REL
627,122,REL
560,909,REL
718,424,REL
122,138,REL
478,577,REL
576,603,REL
226,719,REL
890,966,REL
759,973,REL
890,549,REL
892,9,REL
313,40,REL
940,455,REL
271,659,REL
465,906,REL
303,84,REL
919,841,REL
624,421,REL
554,342,REL
950,810,REL
85,384,REL
377,389,REL
969,768,REL
319,688,REL
89,554,REL
17,441,REL
171,863,REL
64,725,REL
304,894,REL
617,216,REL
274,921,REL
224,450,REL
240,783,REL
222,754,REL
458,951,REL
947,183,REL
569,67,REL
965,801,REL
775,941,REL
704,87,REL
186,867,REL
539,30,REL
731,570,REL
63,473,REL
242,933,REL
745,77,REL
877,682,REL
290,829,REL
928,377,REL
253,14,REL
156,626,REL
831,682,REL
139,219,REL
528,452,REL
990,998,REL
956,663,REL
962,635,REL
519,604,REL
54,687,REL
394,464,REL
353,56,REL
916,442,REL
657,986,REL
428,449,REL
79,159,REL
923,986,REL
297,216,REL
686,133,REL
904,227,REL
380,389,REL
97,595,REL
161,782,REL
350,151,REL
684,822,REL
579,627,REL
673,947,REL
183,995,REL
528,626,REL
19,76,REL
831,614,REL
696,406,REL
819,184,REL
169,199,REL
739,461,REL
613,847,REL
375,811,REL
490,839,REL
828,911,REL
532,881,REL
923,30,REL
271,983,REL
962,399,REL
157,932,REL
849,949,REL
715,280,REL
758,665,REL
973,9,REL
920,722,REL
102,548,REL
932,804,REL
397,823,REL
284,407,REL
695,372,REL
796,500,REL
273,97,REL
15,363,REL
40,360,REL
591,956,REL
36,869,REL
897,43,REL
839,508,REL
27,129,REL
865,478,REL
643,119,REL
751,491,REL
883,808,REL
31,434,REL
718,631,REL
389,720,REL
324,811,REL
120,145,REL
84,405,REL
198,301,REL
714,414,REL
681,437,REL
422,711,REL
66,228,REL
390,460,REL
551,123,REL
622,798,REL
130,812,REL
855,722,REL
970,424,REL
442,247,REL
290,207,REL
50,738,REL
109,924,REL
133,464,REL
299,889,REL
826,364,REL
622,532,REL
380,926,REL
277,815,REL
355,136,REL
104,26,REL
5,163,REL
249,99,REL
671,761,REL
0,110,REL
210,203,REL
520,399,REL
168,959,REL
389,470,REL
970,252,REL
124,991,REL
406,733,REL
398,998,REL
20,379,REL
409,490,REL
92,276,REL
907,890,REL
38,865,REL
12,433,REL
836,187,REL
279,478,REL
314,509,REL
744,240,REL
594,682,REL
746,887,REL
385,635,REL
107,685,REL
196,301,REL
764,6,REL
244,338,REL
129,324,REL
611,361,REL
592,33,REL
266,392,REL
448,38,REL
800,661,REL
731,927,REL
65,165,REL
777,929,REL
126,291,REL
655,982,REL
955,904,REL
132,813,REL
145,44,REL
808,36,REL
160,647,REL
291,835,REL
325,188,REL
518,854,REL
614,284,REL
779,189,REL
9,141,REL
630,127,REL
501,293,REL
670,456,REL
514,91,REL
825,628,REL
854,217,REL
883,410,REL
722,575,REL
639,230,REL
334,725,REL
400,266,REL
600,632,REL
699,54,REL
774,740,REL
92,252,REL
650,415,REL
692,220,REL
191,912,REL
703,742,REL
51,525,REL
634,574,REL
54,472,REL
969,242,REL
237,957,REL
884,768,REL
107,231,REL
270,230,REL
490,646,REL
293,39,REL
249,242,REL
76,833,REL
140,278,REL
934,46,REL
408,327,REL
290,823,REL
672,553,REL
17,437,REL
717,438,REL
788,230,REL
76,928,REL
875,459,REL
272,289,REL
554,586,REL
408,27,REL
825,406,REL
801,183,REL
877,392,REL
361,550,REL
976,898,REL
955,403,REL
863,248,REL
272,153,REL
866,765,REL
903,774,REL
462,41,REL
577,104,REL
429,93,REL
146,806,REL
576,878,REL
858,299,REL
109,859,REL
275,970,REL
956,589,REL
488,614,REL
859,891,REL
216,87,REL
554,120,REL
64,359,REL
893,112,REL
26,336,REL
395,721,REL
889,815,REL
174,757,REL
74,471,REL
270,987,REL
501,557,REL
796,185,REL
367,614,REL
164,714,REL
731,649,REL
216,393,REL
159,4,REL
798,767,REL
629,193,REL
381,8,REL
531,385,REL
949,632,REL
995,636,REL
257,57,REL
566,984,REL
471,725,REL
410,782,REL
752,738,REL
749,124,REL
328,230,REL
149,397,REL
576,470,REL
67,64,REL
671,26,REL
488,585,REL
924,537,REL
52,210,REL
173,869,REL
863,855,REL
96,166,REL
598,742,REL
452,166,REL
840,68,REL
747,767,REL
249,306,REL
834,304,REL
976,22,REL
811,880,REL
930,548,REL
83,644,REL
829,244,REL
332,602,REL
381,572,REL
623,673,REL
648,334,REL
887,425,REL
76,160,REL
957,77,REL
939,121,REL
825,101,REL
134,405,REL
304,218,REL
913,168,REL
45,244,REL
850,681,REL
481,762,REL
664,348,REL
723,891,REL
275,121,REL
611,662,REL
508,917,REL
164,194,REL
584,583,REL
594,949,REL
47,587,REL
902,413,REL
355,963,REL
279,430,REL
95,764,REL
845,485,REL
194,172,REL
329,151,REL
159,518,REL
107,96,REL
865,645,REL
600,658,REL
802,573,REL
75,799,REL
930,236,REL
676,465,REL
667,728,REL
70,402,REL
234,910,REL
423,604,REL
772,123,REL
834,235,REL
770,72,REL
986,824,REL
258,916,REL
92,384,REL
475,573,REL
938,696,REL
376,818,REL
459,246,REL
109,80,REL
721,615,REL
427,497,REL
248,66,REL
40,56,REL
550,538,REL
881,878,REL
768,899,REL
719,551,REL
205,857,REL
83,97,REL
911,513,REL
416,677,REL
890,303,REL
227,82,REL
265,222,REL
5,672,REL
604,176,REL
681,45,REL
516,70,REL
819,418,REL
683,202,REL
407,621,REL
504,481,REL
239,192,REL
917,410,REL
581,284,REL
884,460,REL
122,892,REL
576,553,REL
23,760,REL
669,57,REL
268,253,REL
483,724,REL
861,761,REL
230,277,REL
458,803,REL
605,153,REL
49,608,REL
597,333,REL
167,777,REL
542,626,REL
922,268,REL
644,49,REL
15,450,REL
710,574,REL
448,519,REL
657,57,REL
529,248,REL
774,928,REL
648,417,REL
183,989,REL
399,744,REL
464,506,REL
208,341,REL
994,600,REL
759,964,REL
441,928,REL
332,660,REL
816,934,REL
254,814,REL
794,463,REL
619,647,REL
783,390,REL
47,879,REL
772,189,REL
635,838,REL
482,891,REL
412,743,REL
14,83,REL
951,349,REL
41,173,REL
975,365,REL
319,6,REL
62,869,REL
517,270,REL
173,287,REL
520,944,REL
703,334,REL
902,223,REL
741,204,REL
706,714,REL
683,379,REL
883,984,REL
385,845,REL
501,758,REL
478,241,REL
73,889,REL
669,551,REL
333,228,REL
438,164,REL
745,535,REL
905,107,REL
438,962,REL
14,984,REL
184,765,REL
556,493,REL
608,821,REL
818,237,REL
740,217,REL
898,658,REL
217,322,REL
622,702,REL
249,600,REL
720,129,REL
697,867,REL
174,425,REL
397,863,REL
198,493,REL
133,756,REL
52,162,REL
312,601,REL
361,774,REL
655,747,REL
411,958,REL
625,237,REL
949,219,REL
661,286,REL
356,163,REL
510,563,REL
200,876,REL
406,382,REL
801,417,REL
345,86,REL
812,734,REL
794,348,REL
649,577,REL
886,564,REL
551,961,REL
301,498,REL
840,611,REL
273,562,REL
193,112,REL
974,608,REL
293,792,REL
835,308,REL
645,566,REL
573,443,REL
410,762,REL
22,20,REL
453,173,REL
252,481,REL
41,545,REL
793,99,REL
940,169,REL
279,967,REL
12,823,REL
194,134,REL
242,749,REL
295,275,REL
816,560,REL
47,924,REL
873,960,REL
270,138,REL
905,71,REL
26,452,REL
136,54,REL
571,772,REL
153,902,REL
182,342,REL
854,539,REL
74,275,REL
163,852,REL
293,885,REL
573,864,REL
174,163,REL
77,319,REL
911,1,REL
317,301,REL
98,47,REL
458,877,REL
360,526,REL
268,421,REL
932,930,REL
355,84,REL
512,306,REL
721,614,REL
432,675,REL
894,729,REL
402,698,REL
94,738,REL
168,759,REL
887,975,REL
924,510,REL
991,530,REL
615,96,REL
7,839,REL
432,199,REL
882,7,REL
77,70,REL
559,898,REL
133,976,REL
370,465,REL
923,795,REL
280,990,REL
688,295,REL
2,300,REL
861,441,REL
606,783,REL
987,782,REL
25,418,REL
211,143,REL
574,609,REL
407,769,REL
304,441,REL
48,325,REL
170,586,REL
93,177,REL
127,733,REL
892,283,REL
783,266,REL
825,668,REL
232,567,REL
406,472,REL
223,848,REL
318,657,REL
118,991,REL
839,448,REL
780,635,REL
844,990,REL
137,919,REL
328,840,REL
71,439,REL
811,496,REL
896,713,REL
429,572,REL
577,427,REL
878,911,REL
901,476,REL
219,81,REL
616,732,REL
730,213,REL
12,457,REL
789,8,REL
500,68,REL
483,340,REL
573,650,REL
468,449,REL
530,992,REL
327,487,REL
644,256,REL
120,623,REL
678,489,REL
661,360,REL
760,285,REL
37,84,REL
809,978,REL
427,105,REL
174,862,REL
243,962,REL
609,384,REL
225,171,REL
37,230,REL
861,102,REL
500,270,REL
534,68,REL
64,50,REL
905,808,REL
964,710,REL
879,36,REL
529,28,REL
670,530,REL
767,989,REL
946,912,REL
749,114,REL
174,848,REL
236,229,REL
674,624,REL
818,364,REL
620,725,REL
483,786,REL
112,15,REL
346,478,REL
865,312,REL
495,703,REL
491,354,REL
878,641,REL
427,236,REL
861,244,REL
545,95,REL
166,618,REL
795,293,REL
368,67,REL
414,332,REL
963,427,REL
181,349,REL
635,517,REL
758,226,REL
210,184,REL
520,527,REL
794,973,REL
400,94,REL
871,178,REL
740,579,REL
99,272,REL
259,346,REL
575,271,REL
770,921,REL
622,909,REL
477,523,REL
831,510,REL
948,749,REL
453,16,REL
260,859,REL
442,287,REL
579,746,REL
936,764,REL
487,781,REL
272,143,REL
36,299,REL
264,80,REL
183,933,REL
818,141,REL
391,941,REL
875,833,REL
516,3,REL
187,474,REL
377,17,REL
383,388,REL
657,749,REL
516,229,REL
30,174,REL
994,594,REL
499,981,REL
109,5,REL
224,855,REL
559,86,REL
215,854,REL
209,750,REL
679,222,REL
181,513,REL
290,129,REL
807,776,REL
300,43,REL
313,845,REL
724,342,REL
224,12,REL
900,199,REL
56,396,REL
461,765,REL
769,592,REL
279,305,REL
283,273,REL
137,168,REL
358,340,REL
687,577,REL
477,253,REL
167,413,REL
187,894,REL
662,981,REL
631,305,REL
797,219,REL
781,949,REL
656,601,REL
443,784,REL
88,819,REL
819,901,REL
46,976,REL
829,447,REL
374,386,REL
136,458,REL
37,54,REL
176,175,REL
400,54,REL
283,952,REL
617,923,REL
741,848,REL
806,484,REL
51,789,REL
73,547,REL
771,191,REL
686,188,REL
518,726,REL
988,61,REL
647,392,REL
169,323,REL
261,651,REL
916,791,REL
197,900,REL
964,989,REL
386,971,REL
578,228,REL
346,98,REL
843,612,REL
640,337,REL
984,3,REL
235,687,REL
141,620,REL
607,343,REL
451,873,REL
406,429,REL
93,232,REL
881,546,REL
634,982,REL
642,254,REL
475,141,REL
195,209,REL
142,249,REL
233,301,REL
603,776,REL
62,109,REL
169,414,REL
988,673,REL
796,492,REL
421,259,REL
667,943,REL
362,973,REL
306,581,REL
367,100,REL
662,441,REL
365,727,REL
106,355,REL
681,985,REL
92,165,REL
195,175,REL
19,922,REL
166,68,REL
584,749,REL
881,98,REL
633,260,REL
202,790,REL
191,458,REL
601,922,REL
993,319,REL
960,454,REL
407,139,REL
800,486,REL
646,37,REL
808,120,REL
249,103,REL
633,42,REL
6,15,REL
438,586,REL
929,396,REL
742,635,REL
957,104,REL
280,202,REL
28,388,REL
298,743,REL
843,525,REL
976,162,REL
934,425,REL
857,432,REL
94,422,REL
866,648,REL
100,157,REL
883,841,REL
882,376,REL
362,615,REL
280,533,REL
876,608,REL
61,817,REL
546,43,REL
244,314,REL
306,458,REL
808,954,REL
589,444,REL
215,237,REL
533,848,REL
662,600,REL
158,47,REL
112,413,REL
955,374,REL
144,239,REL
311,635,REL
645,992,REL
128,796,REL
909,808,REL
907,274,REL
823,140,REL
737,757,REL
947,174,REL
136,455,REL
856,534,REL
901,223,REL
327,861,REL
694,405,REL
644,116,REL
839,845,REL
939,458,REL
922,862,REL
192,753,REL
111,835,REL
244,995,REL
28,128,REL
99,741,REL
257,106,REL
801,281,REL
520,806,REL
738,16,REL
123,637,REL
850,245,REL
388,502,REL
658,793,REL
516,440,REL
447,834,REL
806,779,REL
702,840,REL
638,405,REL
548,343,REL
750,619,REL
0,664,REL
823,510,REL
783,965,REL
987,677,REL
47,682,REL
507,549,REL
844,351,REL
291,813,REL
813,926,REL
25,148,REL
794,990,REL
620,765,REL
633,10,REL
768,8,REL
811,493,REL
937,19,REL
12,200,REL
747,839,REL
872,13,REL
432,848,REL
591,210,REL
623,126,REL
334,140,REL
774,386,REL
215,976,REL
782,337,REL
622,851,REL
650,337,REL
937,276,REL
131,928,REL
856,895,REL
963,114,REL
157,626,REL
166,815,REL
574,545,REL
874,678,REL
408,857,REL
205,350,REL
839,957,REL
532,649,REL
583,342,REL
791,675,REL
738,505,REL
193,852,REL
716,890,REL
895,229,REL
189,467,REL
16,225,REL
256,112,REL
418,22,REL
73,597,REL
945,175,REL
92,83,REL
545,677,REL
716,318,REL
575,120,REL
290,39,REL
466,67,REL
567,151,REL
928,271,REL
999,99,REL
188,352,REL
64,620,REL
958,270,REL
694,148,REL
184,306,REL
168,198,REL
748,259,REL
528,908,REL
766,98,REL
351,467,REL
755,734,REL
912,559,REL
907,255,REL
637,166,REL
445,346,REL
612,136,REL
948,123,REL
74,757,REL
182,394,REL
105,86,REL
117,553,REL
404,817,REL
887,733,REL
622,355,REL
408,147,REL
5,705,REL
874,389,REL
930,672,REL
940,78,REL
883,667,REL
331,151,REL
735,835,REL
145,778,REL
732,289,REL
161,295,REL
722,157,REL
748,394,REL
772,360,REL
821,788,REL
292,231,REL
494,466,REL
61,596,REL
893,602,REL
887,882,REL
263,964,REL
331,501,REL
34,284,REL
912,103,REL
686,562,REL
517,490,REL
283,666,REL
965,119,REL
88,688,REL
140,524,REL
162,468,REL
650,502,REL
883,821,REL
597,468,REL
402,120,REL
42,823,REL
600,418,REL
755,132,REL
914,5,REL
513,171,REL
982,366,REL
281,485,REL
485,260,REL
835,814,REL
910,229,REL
381,931,REL
819,648,REL
520,629,REL
597,450,REL
31,485,REL
710,181,REL
887,896,REL
475,424,REL
147,697,REL
132,277,REL
936,684,REL
62,583,REL
636,627,REL
520,874,REL
595,336,REL
167,16,REL
938,901,REL
228,719,REL
551,299,REL
855,172,REL
458,982,REL
965,456,REL
76,512,REL
232,957,REL
980,619,REL
197,9,REL
67,632,REL
217,314,REL
167,523,REL
117,789,REL
119,352,REL
247,675,REL
446,565,REL
633,313,REL
678,758,REL
359,946,REL
66,215,REL
797,636,REL
242,193,REL
342,26,REL
101,830,REL
742,648,REL
807,772,REL
68,415,REL
195,777,REL
148,533,REL
230,448,REL
560,313,REL
677,405,REL
831,391,REL
642,388,REL
862,463,REL
457,487,REL
756,282,REL
635,734,REL
391,0,REL
275,508,REL
850,373,REL
331,284,REL
791,252,REL
73,633,REL
758,950,REL
43,533,REL
887,609,REL
506,376,REL
278,119,REL
905,644,REL
644,208,REL
232,691,REL
566,829,REL
7,557,REL
549,336,REL
652,956,REL
88,619,REL
29,195,REL
967,542,REL
875,752,REL
180,453,REL
433,141,REL
529,202,REL
826,196,REL
507,869,REL
299,395,REL
246,64,REL
898,898,REL
22,81,REL
304,158,REL
243,521,REL
747,147,REL
860,64,REL
862,622,REL
779,994,REL
552,538,REL
535,99,REL
906,712,REL
697,205,REL
167,68,REL
943,814,REL
730,497,REL
71,672,REL
597,777,REL
654,262,REL
93,668,REL
602,486,REL
282,341,REL
573,11,REL
11,336,REL
678,553,REL
530,745,REL
34,714,REL
278,652,REL
821,202,REL
729,885,REL
898,318,REL
855,980,REL
74,816,REL
153,175,REL
544,366,REL
112,170,REL
260,935,REL
862,643,REL
19,376,REL
312,100,REL
39,156,REL
134,606,REL
714,124,REL
989,412,REL
558,217,REL
494,321,REL
20,398,REL
469,705,REL
598,293,REL
828,643,REL
600,273,REL
558,964,REL
81,369,REL
366,903,REL
829,760,REL
199,124,REL
666,150,REL
904,442,REL
734,822,REL
165,880,REL
33,877,REL
494,601,REL
303,762,REL
309,43,REL
712,915,REL
431,915,REL
550,251,REL
175,662,REL
248,266,REL
993,532,REL
26,108,REL
254,673,REL
650,316,REL
423,659,REL
737,958,REL
39,554,REL
437,969,REL
970,245,REL
300,314,REL
862,718,REL
951,653,REL
205,524,REL
81,363,REL
629,898,REL
22,44,REL
52,236,REL
945,654,REL
157,807,REL
65,374,REL
669,901,REL
45,366,REL
975,761,REL
926,895,REL
986,567,REL
771,357,REL
274,80,REL
696,390,REL
991,107,REL
789,29,REL
769,745,REL
490,648,REL
383,616,REL
38,114,REL
196,587,REL
77,753,REL
331,831,REL
123,255,REL
170,577,REL
591,66,REL
546,479,REL
221,594,REL
492,206,REL
96,815,REL
20,119,REL
119,896,REL
876,53,REL
319,514,REL
694,73,REL
658,550,REL
11,686,REL
890,320,REL
286,825,REL
59,904,REL
680,932,REL
572,815,REL
843,702,REL
373,208,REL
241,942,REL
424,380,REL
566,989,REL
416,372,REL
544,961,REL
612,658,REL
749,437,REL
164,314,REL
38,868,REL
521,83,REL
251,323,REL
975,164,REL
255,981,REL
70,277,REL
787,687,REL
53,877,REL
316,668,REL
445,363,REL
382,816,REL
70,435,REL
550,627,REL
790,561,REL
208,429,REL
757,552,REL
132,255,REL
933,261,REL
412,970,REL
255,272,REL
64,190,REL
470,216,REL
543,603,REL
320,686,REL
944,336,REL
508,474,REL
69,610,REL
488,486,REL
441,631,REL
264,110,REL
714,493,REL
754,76,REL
965,94,REL
376,980,REL
469,433,REL
328,894,REL
280,304,REL
244,115,REL
292,915,REL
847,91,REL
846,506,REL
243,212,REL
92,83,REL
824,863,REL
105,527,REL
84,144,REL
363,817,REL
427,62,REL
545,848,REL
743,11,REL
214,159,REL
995,440,REL
728,503,REL
103,411,REL
670,273,REL
141,956,REL
604,900,REL
64,563,REL
457,569,REL
576,68,REL
16,287,REL
396,824,REL
375,9,REL
556,935,REL
35,757,REL
503,460,REL
560,424,REL
343,685,REL
458,999,REL
803,126,REL
175,330,REL
644,348,REL
322,58,REL
424,537,REL
114,869,REL
608,207,REL
711,238,REL
681,302,REL
677,724,REL
123,228,REL
71,983,REL
181,477,REL
127,823,REL
252,211,REL
457,227,REL
134,750,REL
268,255,REL
866,426,REL
585,272,REL
428,838,REL
710,145,REL
690,783,REL
158,900,REL
727,23,REL
327,811,REL
336,130,REL
298,716,REL
283,784,REL
22,225,REL
926,628,REL
855,514,REL
171,546,REL
564,243,REL
562,190,REL
560,837,REL
679,273,REL
808,303,REL
641,296,REL
46,332,REL
796,672,REL
383,301,REL
238,387,REL
811,88,REL
263,532,REL
254,863,REL
150,132,REL
271,775,REL
967,488,REL
850,527,REL
929,524,REL
438,180,REL
996,95,REL
652,518,REL
139,671,REL
760,250,REL
327,445,REL
378,806,REL
401,655,REL
716,543,REL
127,436,REL
795,18,REL
168,766,REL
621,560,REL
26,528,REL
316,869,REL
874,458,REL
719,271,REL
439,147,REL
462,516,REL
616,662,REL
150,653,REL
243,131,REL
944,318,REL
388,209,REL
980,408,REL
294,788,REL
222,130,REL
836,53,REL
128,160,REL
436,958,REL
970,127,REL
177,34,REL
346,236,REL
753,932,REL
886,445,REL
147,905,REL
441,405,REL
244,628,REL
905,416,REL
487,631,REL
956,47,REL
274,1,REL
828,255,REL
219,980,REL
284,690,REL
561,571,REL
732,74,REL
796,419,REL
293,103,REL
976,338,REL
150,529,REL
691,267,REL
390,640,REL
735,428,REL
360,282,REL
660,171,REL
192,957,REL
940,350,REL
152,954,REL
537,809,REL
31,50,REL
458,285,REL
880,404,REL
223,729,REL
633,332,REL
832,110,REL
345,691,REL
135,654,REL
462,58,REL
628,585,REL
817,616,REL
582,538,REL
264,569,REL
923,707,REL
67,706,REL
699,614,REL
785,985,REL
249,926,REL
0,925,REL
387,631,REL
996,80,REL
736,536,REL
803,594,REL
934,923,REL
352,268,REL
93,534,REL
372,365,REL
969,795,REL
393,471,REL
405,513,REL
392,694,REL
866,592,REL
149,650,REL
28,730,REL
513,697,REL
665,419,REL
748,694,REL
455,502,REL
25,358,REL
875,292,REL
895,805,REL
179,417,REL
638,546,REL
471,378,REL
775,532,REL
38,416,REL
939,495,REL
810,806,REL
126,408,REL
761,373,REL
346,25,REL
980,266,REL
576,518,REL
211,454,REL
896,353,REL
641,713,REL
440,593,REL
214,657,REL
426,81,REL
317,945,REL
91,789,REL
627,332,REL
540,196,REL
642,687,REL
642,376,REL
880,283,REL
14,491,REL
368,257,REL
80,279,REL
898,651,REL
726,729,REL
669,766,REL
465,150,REL
186,88,REL
781,671,REL
456,650,REL
689,97,REL
176,427,REL
485,496,REL
715,506,REL
911,552,REL
511,122,REL
534,632,REL
223,71,REL
101,380,REL
449,434,REL
60,589,REL
811,708,REL
958,802,REL
422,393,REL
76,18,REL
669,176,REL
199,228,REL
392,737,REL
562,994,REL
876,284,REL
96,675,REL
342,779,REL
150,309,REL
53,391,REL
216,400,REL
776,147,REL
45,991,REL
252,697,REL
442,6,REL
390,701,REL
282,325,REL
743,853,REL
644,973,REL
416,242,REL
692,35,REL
400,566,REL
511,79,REL
717,350,REL
152,124,REL
171,339,REL
951,643,REL
710,151,REL
649,12,REL
336,811,REL
854,265,REL
999,884,REL
597,305,REL
551,785,REL
780,312,REL
691,765,REL
839,717,REL
130,902,REL
737,938,REL
263,117,REL
199,980,REL
548,5,REL
475,95,REL
896,891,REL
997,931,REL
879,32,REL
670,252,REL
554,587,REL
993,658,REL
405,453,REL
651,886,REL
357,965,REL
474,482,REL
287,82,REL
422,935,REL
555,464,REL
83,447,REL
366,907,REL
707,139,REL
843,130,REL
714,543,REL
759,305,REL
13,574,REL
838,982,REL
869,494,REL
976,713,REL
827,800,REL
983,409,REL
767,32,REL
915,895,REL
456,30,REL
208,570,REL
778,370,REL
544,481,REL
842,202,REL
178,254,REL
304,797,REL
678,212,REL
943,129,REL
142,430,REL
758,460,REL
827,69,REL
274,876,REL
526,279,REL
555,257,REL
658,574,REL
763,552,REL
209,608,REL
921,441,REL
478,686,REL
486,645,REL
373,169,REL
672,206,REL
27,422,REL
479,361,REL
556,551,REL
994,217,REL
505,713,REL
792,430,REL
787,357,REL
442,849,REL
646,160,REL
506,926,REL
582,865,REL
120,386,REL
464,293,REL
441,869,REL
700,919,REL
557,918,REL
412,177,REL
133,619,REL
498,347,REL
279,7,REL
563,264,REL
380,124,REL
476,636,REL
473,733,REL
833,598,REL
223,566,REL
83,978,REL
289,440,REL
573,426,REL
236,251,REL
278,117,REL
663,527,REL
876,932,REL
978,124,REL
209,626,REL
74,401,REL
823,309,REL
844,936,REL
660,842,REL
85,762,REL
754,82,REL
439,182,REL
890,656,REL
28,302,REL
970,167,REL
370,413,REL
138,489,REL
685,566,REL
989,392,REL
597,922,REL
195,468,REL
467,597,REL
225,724,REL
66,114,REL
819,781,REL
237,426,REL
980,174,REL
64,422,REL
197,528,REL
775,997,REL
428,605,REL
89,152,REL
396,273,REL
430,496,REL
472,400,REL
219,13,REL
506,581,REL
917,108,REL
280,298,REL
727,900,REL
77,821,REL
841,273,REL
197,536,REL
175,53,REL
127,985,REL
618,699,REL
947,118,REL
279,525,REL
99,605,REL
957,435,REL
132,536,REL
958,858,REL
34,616,REL
686,64,REL
905,674,REL
258,278,REL
235,214,REL
939,77,REL
603,595,REL
518,246,REL
257,138,REL
602,806,REL
711,908,REL
309,963,REL
964,564,REL
255,820,REL
102,378,REL
923,550,REL
773,923,REL
115,467,REL
924,664,REL
23,809,REL
854,790,REL
526,308,REL
837,591,REL
551,415,REL
345,548,REL
264,672,REL
288,675,REL
221,724,REL
676,235,REL
455,943,REL
870,297,REL
499,547,REL
491,508,REL
808,257,REL
439,520,REL
452,164,REL
844,52,REL
526,19,REL
142,827,REL
662,259,REL
906,652,REL
1,963,REL
870,319,REL
220,447,REL
649,870,REL
754,976,REL
175,521,REL
961,636,REL
876,875,REL
246,65,REL
232,587,REL
110,373,REL
501,607,REL
279,753,REL
39,997,REL
103,830,REL
934,436,REL
86,282,REL
582,201,REL
218,128,REL
547,133,REL
174,601,REL
844,484,REL
559,44,REL
498,485,REL
884,991,REL
729,484,REL
842,948,REL
556,411,REL
658,287,REL
534,330,REL
439,426,REL
724,278,REL
443,561,REL
651,66,REL
80,575,REL
247,91,REL
812,38,REL
735,365,REL
360,537,REL
245,351,REL
222,501,REL
562,420,REL
965,335,REL
682,783,REL
338,514,REL
408,505,REL
228,92,REL
201,625,REL
627,662,REL
486,696,REL
908,722,REL
47,949,REL
630,340,REL
654,748,REL
920,763,REL
812,564,REL
856,769,REL
682,532,REL
94,911,REL
122,456,REL
699,819,REL
712,805,REL
964,601,REL
708,941,REL
845,350,REL
963,569,REL
485,465,REL
648,482,REL
741,506,REL
439,160,REL
815,397,REL
483,116,REL
765,601,REL
300,804,REL
704,70,REL
585,385,REL
946,212,REL
665,817,REL
557,165,REL
867,252,REL
851,531,REL
597,187,REL
926,966,REL
65,868,REL
374,306,REL
422,610,REL
620,524,REL
791,391,REL
140,269,REL
850,573,REL
200,639,REL
989,710,REL
160,336,REL
386,559,REL
348,967,REL
549,796,REL
601,250,REL
741,555,REL
348,586,REL
13,196,REL
186,482,REL
667,768,REL
944,821,REL
831,460,REL
24,920,REL
56,58,REL
772,329,REL
16,826,REL
383,272,REL
212,152,REL
664,422,REL
801,939,REL
848,928,REL
587,557,REL
10,173,REL
972,422,REL
583,253,REL
133,271,REL
474,276,REL
182,610,REL
480,734,REL
461,336,REL
502,572,REL
350,932,REL
910,267,REL
834,287,REL
49,232,REL
569,728,REL
272,783,REL
45,778,REL
130,90,REL
883,483,REL
836,630,REL
45,582,REL
355,102,REL
369,598,REL
981,269,REL
124,227,REL
340,319,REL
512,921,REL
533,345,REL
810,588,REL
108,928,REL
372,53,REL
536,953,REL
697,257,REL
183,964,REL
46,807,REL
77,28,REL
729,912,REL
257,572,REL
401,841,REL
991,433,REL
54,78,REL
703,289,REL
578,789,REL
866,329,REL
975,409,REL
938,289,REL
838,384,REL
462,177,REL
711,260,REL
297,919,REL
329,852,REL
265,619,REL
91,695,REL
936,361,REL
461,836,REL
188,777,REL
386,712,REL
22,224,REL
445,657,REL
970,417,REL
972,550,REL
854,171,REL
717,704,REL
382,981,REL
171,481,REL
801,762,REL
793,750,REL
507,55,REL
556,148,REL
749,550,REL
813,682,REL
197,999,REL
988,74,REL
745,774,REL
553,145,REL
288,84,REL
199,104,REL
167,373,REL
502,416,REL
373,751,REL
2,838,REL
91,370,REL
302,363,REL
684,147,REL
423,309,REL
961,98,REL
350,501,REL
695,219,REL
363,710,REL
93,327,REL
672,152,REL
906,30,REL
706,47,REL
676,193,REL
999,240,REL
904,301,REL
832,861,REL
884,397,REL
570,494,REL
983,877,REL
226,836,REL
665,858,REL
428,672,REL
809,983,REL
313,814,REL
168,473,REL
460,553,REL
656,71,REL
246,639,REL
808,278,REL
9,396,REL
403,998,REL
430,781,REL
349,747,REL
471,287,REL
117,819,REL
424,450,REL
748,476,REL
389,725,REL
323,292,REL
857,976,REL
696,55,REL
141,99,REL
981,233,REL
993,496,REL
28,608,REL
535,417,REL
341,668,REL
477,995,REL
8,100,REL
496,436,REL
609,908,REL
630,981,REL
849,730,REL
606,923,REL
288,66,REL
275,443,REL
590,113,REL
678,814,REL
416,375,REL
833,876,REL
382,699,REL
377,572,REL
932,936,REL
724,832,REL
578,467,REL
126,68,REL
635,301,REL
699,311,REL
551,503,REL
557,865,REL
653,508,REL
182,983,REL
113,952,REL
736,53,REL
462,775,REL
648,676,REL
888,690,REL
715,88,REL
616,562,REL
368,879,REL
953,908,REL
260,123,REL
79,683,REL
662,200,REL
380,741,REL
282,801,REL
543,37,REL
537,80,REL
579,79,REL
340,28,REL
634,211,REL
322,598,REL
367,834,REL
730,212,REL
66,282,REL
677,348,REL
142,939,REL
378,576,REL
747,174,REL
732,129,REL
768,289,REL
732,947,REL
582,55,REL
911,400,REL
802,894,REL
337,16,REL
647,411,REL
655,766,REL
355,647,REL
135,786,REL
948,832,REL
389,36,REL
31,559,REL
638,131,REL
227,86,REL
985,403,REL
870,441,REL
842,700,REL
360,859,REL
286,157,REL
755,501,REL
77,405,REL
534,138,REL
689,197,REL
16,359,REL
536,966,REL
421,815,REL
20,957,REL
692,601,REL
955,103,REL
821,527,REL
163,298,REL
812,381,REL
899,87,REL
11,761,REL
847,274,REL
983,799,REL
505,283,REL
109,797,REL
810,608,REL
256,93,REL
793,980,REL
171,892,REL
319,408,REL
308,584,REL
312,234,REL
586,396,REL
719,732,REL
234,503,REL
235,963,REL
558,384,REL
120,718,REL
115,936,REL
396,834,REL
33,804,REL
518,312,REL
628,208,REL
800,298,REL
621,59,REL
870,451,REL
462,35,REL
888,717,REL
833,247,REL
216,384,REL
795,254,REL
784,380,REL
103,988,REL
898,126,REL
199,964,REL
69,109,REL
165,310,REL
480,602,REL
210,101,REL
892,897,REL
957,586,REL
547,23,REL
746,936,REL
238,163,REL
647,377,REL
926,896,REL
363,881,REL
933,485,REL
970,305,REL
711,783,REL
409,305,REL
452,323,REL
894,936,REL
139,335,REL
708,659,REL
807,880,REL
987,306,REL
78,989,REL
495,858,REL
614,747,REL
523,818,REL
309,630,REL
177,304,REL
884,528,REL
394,69,REL
199,531,REL
612,120,REL
643,84,REL
453,422,REL
520,138,REL
634,211,REL
273,327,REL
119,950,REL
586,93,REL
417,583,REL
951,788,REL
602,31,REL
182,817,REL
756,126,REL
555,354,REL
278,251,REL
103,179,REL
461,66,REL
835,909,REL
818,686,REL
687,894,REL
823,515,REL
87,82,REL
209,570,REL
505,651,REL
773,706,REL
54,313,REL
142,835,REL
335,20,REL
808,808,REL
232,715,REL
521,402,REL
577,710,REL
378,672,REL
92,173,REL
735,766,REL
976,67,REL
84,133,REL
984,11,REL
477,16,REL
351,94,REL
334,983,REL
700,58,REL
513,684,REL
392,710,REL
674,204,REL
948,31,REL
370,297,REL
206,578,REL
633,729,REL
537,532,REL
256,58,REL
786,746,REL
442,822,REL
688,264,REL
312,525,REL
185,464,REL
577,736,REL
390,581,REL
106,599,REL
452,124,REL
970,240,REL
266,100,REL
841,615,REL
700,554,REL
154,740,REL
394,364,REL
436,959,REL
890,660,REL
752,455,REL
913,80,REL
886,243,REL
952,565,REL
647,456,REL
211,868,REL
973,383,REL
711,474,REL
310,539,REL
662,251,REL
945,275,REL
597,829,REL
450,380,REL
27,909,REL
116,482,REL
399,856,REL
882,669,REL
866,900,REL
959,415,REL
263,457,REL
204,589,REL
654,759,REL
782,711,REL
221,377,REL
568,196,REL
498,560,REL
71,914,REL
947,228,REL
649,832,REL
512,272,REL
914,341,REL
605,574,REL
677,260,REL
634,843,REL
637,319,REL
768,83,REL
551,821,REL
938,106,REL
586,577,REL
937,889,REL
825,722,REL
416,321,REL
761,504,REL
273,892,REL
375,786,REL
112,939,REL
59,265,REL
253,93,REL
596,746,REL
812,462,REL
924,934,REL
563,903,REL
754,834,REL
745,288,REL
124,474,REL
168,836,REL
525,90,REL
88,109,REL
606,405,REL
119,277,REL
294,843,REL
792,640,REL
469,203,REL
482,491,REL
247,801,REL
218,169,REL
403,296,REL
258,67,REL
882,882,REL
89,192,REL
399,349,REL
597,259,REL
554,408,REL
836,713,REL
637,333,REL
230,847,REL
988,439,REL
600,783,REL
77,941,REL
256,502,REL
79,675,REL
704,828,REL
975,228,REL
460,716,REL
480,283,REL
117,324,REL
470,429,REL
744,751,REL
779,952,REL
217,416,REL
344,117,REL
470,307,REL
902,787,REL
674,667,REL
888,592,REL
3,651,REL
780,807,REL
61,287,REL
664,158,REL
314,951,REL
562,314,REL
181,891,REL
101,706,REL
677,503,REL
35,441,REL
399,102,REL
717,928,REL
892,593,REL
632,725,REL
91,384,REL
968,366,REL
924,556,REL
171,175,REL
34,113,REL
316,545,REL
683,851,REL
751,644,REL
43,198,REL
699,368,REL
60,152,REL
925,918,REL
643,228,REL
756,449,REL
791,613,REL
889,344,REL
414,794,REL
573,369,REL
436,59,REL
287,901,REL
880,317,REL
718,25,REL
524,656,REL
880,95,REL
246,148,REL
160,812,REL
353,301,REL
801,489,REL
726,641,REL
493,812,REL
665,220,REL
559,767,REL
761,198,REL
686,583,REL
34,32,REL
60,599,REL
672,164,REL
746,358,REL
588,777,REL
532,842,REL
124,466,REL
637,673,REL
773,24,REL
141,865,REL
446,53,REL
272,619,REL
242,207,REL
554,709,REL
332,170,REL
162,184,REL
250,790,REL
363,68,REL
676,111,REL
370,497,REL
186,107,REL
616,789,REL
402,927,REL
235,990,REL
230,906,REL
172,615,REL
439,396,REL
21,560,REL
100,297,REL
811,141,REL
434,87,REL
159,125,REL
262,44,REL
284,197,REL
52,739,REL
852,884,REL
813,263,REL
725,961,REL
346,168,REL
847,437,REL
328,425,REL
913,641,REL
493,775,REL
15,677,REL
288,769,REL
297,745,REL
845,769,REL
463,97,REL
307,43,REL
23,321,REL
285,527,REL
113,884,REL
922,703,REL
416,417,REL
151,596,REL
561,127,REL
561,814,REL
175,158,REL
861,540,REL
45,536,REL
762,518,REL
536,245,REL
351,529,REL
16,371,REL
779,45,REL
476,53,REL
342,484,REL
727,575,REL
748,806,REL
245,437,REL
710,541,REL
23,572,REL
842,996,REL
26,881,REL
675,344,REL
300,151,REL
456,734,REL
301,556,REL
720,387,REL
917,628,REL
519,90,REL
642,958,REL
907,228,REL
64,770,REL
111,843,REL
867,786,REL
785,674,REL
667,741,REL
565,643,REL
727,841,REL
495,506,REL
395,180,REL
842,88,REL
561,790,REL
770,486,REL
702,555,REL
40,145,REL
90,243,REL
87,296,REL
446,72,REL
895,705,REL
84,669,REL
155,366,REL
641,566,REL
449,869,REL
547,767,REL
401,662,REL
148,675,REL
292,24,REL
699,905,REL
666,75,REL
592,973,REL
880,926,REL
670,360,REL
955,728,REL
584,130,REL
557,212,REL
459,52,REL
858,486,REL
481,546,REL
120,463,REL
667,879,REL
401,592,REL
875,754,REL
359,147,REL
951,643,REL
907,595,REL
310,475,REL
925,311,REL
302,613,REL
586,789,REL
14,935,REL
304,372,REL
869,151,REL
402,516,REL
943,87,REL
26,660,REL
556,957,REL
652,196,REL
284,655,REL
796,777,REL
580,437,REL
979,146,REL
669,751,REL
139,792,REL
822,269,REL
441,32,REL
734,14,REL
476,852,REL
226,865,REL
452,145,REL
554,478,REL
720,210,REL
229,556,REL
327,560,REL
424,136,REL
286,530,REL
700,757,REL
100,744,REL
768,132,REL
194,261,REL
906,266,REL
562,901,REL
969,272,REL
238,740,REL
605,561,REL
371,476,REL
899,221,REL
527,364,REL
151,61,REL
606,345,REL
183,172,REL
341,462,REL
748,915,REL
479,181,REL
278,707,REL
56,709,REL
807,9,REL
682,26,REL
118,902,REL
740,904,REL
427,373,REL
465,140,REL
669,730,REL
691,165,REL
769,550,REL
400,81,REL
309,776,REL
568,106,REL
721,55,REL
679,206,REL
840,858,REL
171,135,REL
650,369,REL
830,307,REL
525,487,REL
117,311,REL
588,909,REL
4,222,REL
536,945,REL
68,67,REL
129,362,REL
133,411,REL
755,843,REL
710,989,REL
57,364,REL
576,71,REL
928,454,REL
766,534,REL
220,903,REL
279,766,REL
939,474,REL
893,309,REL
809,700,REL
853,842,REL
194,764,REL
615,78,REL
334,309,REL
71,532,REL
84,592,REL
476,138,REL
627,328,REL
132,443,REL
286,486,REL
161,230,REL
506,987,REL
202,150,REL
723,706,REL
630,484,REL
168,685,REL
996,976,REL
233,444,REL
389,914,REL
110,161,REL
108,286,REL
620,59,REL
996,590,REL
35,333,REL
179,464,REL
623,847,REL
85,113,REL
223,242,REL
243,895,REL
313,809,REL
892,548,REL
198,16,REL
361,88,REL
743,634,REL
565,285,REL
418,504,REL
690,359,REL
637,462,REL
812,204,REL
691,727,REL
4,87,REL
640,727,REL
659,398,REL
93,152,REL
681,572,REL
377,930,REL
185,763,REL
994,577,REL
610,307,REL
418,136,REL
148,61,REL
944,192,REL
824,946,REL
15,30,REL
699,524,REL
320,671,REL
552,200,REL
787,445,REL
5,900,REL
215,453,REL
617,425,REL
371,716,REL
954,960,REL
778,427,REL
918,419,REL
419,874,REL
384,841,REL
658,940,REL
615,305,REL
22,909,REL
704,481,REL
657,874,REL
802,696,REL
344,963,REL
490,378,REL
451,580,REL
301,114,REL
862,922,REL
790,89,REL
875,687,REL
689,379,REL
929,134,REL
197,747,REL
440,231,REL
888,69,REL
790,987,REL
634,488,REL
644,243,REL
837,366,REL
49,236,REL
841,699,REL
278,346,REL
842,335,REL
757,128,REL
526,684,REL
618,54,REL
814,413,REL
358,477,REL
644,767,REL
790,865,REL
725,697,REL
653,998,REL
131,73,REL
829,45,REL
95,551,REL
4,741,REL
229,927,REL
256,325,REL
538,274,REL
867,303,REL
414,605,REL
40,27,REL
712,514,REL
196,400,REL
509,779,REL
41,81,REL
639,3,REL
342,932,REL
799,976,REL
33,665,REL
792,96,REL
887,445,REL
931,438,REL
400,852,REL
148,571,REL
37,394,REL
81,661,REL
905,886,REL
194,37,REL
50,432,REL
688,808,REL
914,953,REL
375,729,REL
787,843,REL
834,242,REL
378,321,REL
630,796,REL
667,12,REL
874,596,REL
932,540,REL
484,242,REL
542,226,REL
689,346,REL
525,756,REL
212,318,REL
370,785,REL
466,813,REL
701,978,REL
4,365,REL
110,428,REL
116,438,REL
930,994,REL
66,878,REL
847,595,REL
169,270,REL
307,492,REL
219,11,REL
221,707,REL
913,140,REL
940,434,REL
151,397,REL
36,816,REL
910,488,REL
792,52,REL
515,898,REL
975,363,REL
61,824,REL
319,685,REL
956,791,REL
481,19,REL
808,722,REL
784,10,REL
498,209,REL
862,599,REL
107,276,REL
868,586,REL
523,136,REL
268,961,REL
881,901,REL
522,885,REL
992,230,REL
611,311,REL
692,295,REL
758,411,REL
193,402,REL
286,708,REL
55,14,REL
392,681,REL
542,496,REL
629,93,REL
747,575,REL
361,563,REL
506,856,REL
897,888,REL
993,272,REL
742,72,REL
71,719,REL
348,889,REL
758,61,REL
304,497,REL
280,745,REL
284,593,REL
603,953,REL
98,700,REL
750,726,REL
914,797,REL
528,848,REL
35,401,REL
228,978,REL
598,222,REL
754,695,REL
6,410,REL
668,402,REL
731,288,REL
590,957,REL
759,535,REL
662,807,REL
713,486,REL
864,612,REL
237,505,REL
990,858,REL
702,783,REL
187,537,REL
746,69,REL
659,888,REL
188,297,REL
671,760,REL
918,400,REL
884,292,REL
311,488,REL
359,960,REL
546,148,REL
855,863,REL
908,496,REL
126,527,REL
850,143,REL
57,679,REL
56,748,REL
941,504,REL
1,389,REL
262,969,REL
340,140,REL
481,220,REL
40,991,REL
869,52,REL
887,917,REL
609,966,REL
551,793,REL
64,896,REL
239,997,REL
465,756,REL
762,346,REL
964,724,REL
621,792,REL
486,569,REL
297,978,REL
384,457,REL
798,359,REL
337,476,REL
10,473,REL
764,769,REL
679,322,REL
522,167,REL
862,197,REL
417,864,REL
360,912,REL
874,386,REL
182,5,REL
910,957,REL
57,883,REL
69,594,REL
630,97,REL
681,33,REL
824,145,REL
900,174,REL
138,121,REL
192,127,REL
890,170,REL
932,735,REL
594,966,REL
847,430,REL
998,411,REL
303,499,REL
864,364,REL
783,386,REL
368,740,REL
254,32,REL
951,121,REL
406,648,REL
993,32,REL
328,691,REL
687,764,REL
362,639,REL
858,279,REL
293,810,REL
193,648,REL
63,66,REL
478,111,REL
408,876,REL
147,812,REL
9,174,REL
799,681,REL
727,623,REL
344,85,REL
80,176,REL
387,62,REL
926,162,REL
490,727,REL
219,205,REL
420,301,REL
71,420,REL
186,921,REL
602,895,REL
354,179,REL
402,853,REL
518,344,REL
107,158,REL
450,83,REL
827,295,REL
530,110,REL
705,606,REL
90,420,REL
715,793,REL
576,300,REL
799,495,REL
891,787,REL
699,682,REL
68,212,REL
970,518,REL
756,691,REL
722,301,REL
141,719,REL
595,406,REL
785,298,REL
255,911,REL
663,667,REL
972,301,REL
945,391,REL
139,465,REL
840,868,REL
759,207,REL
310,470,REL
767,831,REL
12,795,REL
164,62,REL
958,951,REL
950,855,REL
467,207,REL
879,588,REL
30,322,REL
201,802,REL
828,678,REL
240,275,REL
435,196,REL
354,597,REL
88,365,REL
823,934,REL
217,811,REL
2,140,REL
917,819,REL
896,489,REL
353,161,REL
894,258,REL
625,114,REL
871,729,REL
988,860,REL
886,158,REL
642,108,REL
486,340,REL
417,553,REL
601,305,REL
727,638,REL
638,952,REL
361,199,REL
390,32,REL
708,586,REL
851,119,REL
428,614,REL
114,440,REL
850,526,REL
194,210,REL
606,226,REL
534,416,REL
767,140,REL
466,248,REL
82,909,REL
722,755,REL
180,979,REL
696,576,REL
167,164,REL
606,149,REL
850,601,REL
213,145,REL
478,960,REL
580,486,REL
180,804,REL
183,461,REL
547,679,REL
319,659,REL
596,96,REL
162,550,REL
582,908,REL
832,820,REL
66,36,REL
169,482,REL
935,79,REL
388,617,REL
497,984,REL
991,560,REL
957,155,REL
438,676,REL
928,254,REL
352,697,REL
296,788,REL
543,966,REL
623,600,REL
89,121,REL
527,185,REL
6,31,REL
873,905,REL
664,163,REL
339,308,REL
757,811,REL
351,992,REL
691,878,REL
764,833,REL
803,401,REL
985,959,REL
607,794,REL
45,376,REL
517,294,REL
823,703,REL
955,86,REL
564,359,REL
767,543,REL
93,624,REL
438,388,REL
61,568,REL
459,429,REL
90,249,REL
875,319,REL
387,865,REL
199,946,REL
212,340,REL
120,51,REL
424,320,REL
879,181,REL
474,233,REL
197,451,REL
377,381,REL
814,394,REL
366,513,REL
382,298,REL
910,550,REL
433,989,REL
341,466,REL
424,799,REL
569,962,REL
787,935,REL
913,696,REL
619,557,REL
436,897,REL
452,812,REL
783,331,REL
709,883,REL
433,102,REL
948,774,REL
740,62,REL
560,734,REL
454,523,REL
298,913,REL
581,57,REL
259,265,REL
796,60,REL
807,107,REL
262,120,REL
670,440,REL
478,623,REL
834,676,REL
57,276,REL
321,659,REL
656,406,REL
354,771,REL
962,600,REL
498,736,REL
733,578,REL
464,565,REL
316,491,REL
546,649,REL
884,611,REL
27,126,REL
619,525,REL
732,577,REL
314,455,REL
512,886,REL
148,357,REL
780,606,REL
394,205,REL
928,676,REL
176,661,REL
353,832,REL
962,228,REL
445,324,REL
828,699,REL
60,898,REL
666,56,REL
973,871,REL
482,231,REL
35,917,REL
699,83,REL
848,162,REL
18,915,REL
651,616,REL
572,407,REL
23,825,REL
775,28,REL
787,126,REL
680,12,REL
371,86,REL
16,966,REL
248,208,REL
39,153,REL
572,497,REL
337,434,REL
370,936,REL
401,367,REL
387,534,REL
558,230,REL
493,967,REL
754,790,REL
354,952,REL
271,919,REL
192,964,REL
89,832,REL
16,734,REL
364,609,REL
792,73,REL
12,306,REL
434,820,REL
308,145,REL
168,712,REL
631,71,REL
980,80,REL
374,8,REL
892,664,REL
762,260,REL
877,122,REL
908,292,REL
749,615,REL
272,691,REL
592,188,REL
998,584,REL
833,474,REL
224,911,REL
430,776,REL
271,87,REL
492,125,REL
401,737,REL
663,389,REL
484,33,REL
935,712,REL
631,463,REL
480,273,REL
101,42,REL
398,41,REL
436,763,REL
978,293,REL
973,49,REL
415,700,REL
51,743,REL
250,201,REL
230,495,REL
120,739,REL
31,21,REL
811,670,REL
340,717,REL
690,758,REL
845,175,REL
695,290,REL
524,721,REL
385,680,REL
486,401,REL
178,39,REL
806,605,REL
752,799,REL
949,545,REL
712,627,REL
870,459,REL
145,718,REL
13,951,REL
92,349,REL
467,139,REL
955,921,REL
667,117,REL
65,657,REL
947,346,REL
659,82,REL
343,13,REL
631,43,REL
8,854,REL
898,384,REL
341,579,REL
502,486,REL
323,911,REL
548,19,REL
180,523,REL
918,91,REL
421,108,REL
997,717,REL
544,584,REL
191,736,REL
361,170,REL
780,863,REL
958,767,REL
801,248,REL
480,879,REL
739,70,REL
359,795,REL
394,363,REL
295,162,REL
974,530,REL
412,971,REL
19,242,REL
446,471,REL
841,343,REL
574,611,REL
409,473,REL
843,92,REL
785,565,REL
406,226,REL
746,477,REL
392,401,REL
846,417,REL
574,932,REL
886,665,REL
984,145,REL
421,480,REL
706,906,REL
382,568,REL
341,912,REL
761,721,REL
383,891,REL
114,323,REL
62,594,REL
244,957,REL
266,18,REL
388,286,REL
873,889,REL
457,842,REL
132,294,REL
489,747,REL
827,958,REL
604,309,REL
110,510,REL
668,47,REL
514,802,REL
388,983,REL
406,603,REL
180,94,REL
495,773,REL
250,754,REL
708,474,REL
388,830,REL
478,756,REL
99,925,REL
6,999,REL
35,582,REL
321,559,REL
658,62,REL
279,819,REL
279,253,REL
4,431,REL
31,199,REL
456,751,REL
866,729,REL
34,953,REL
605,140,REL
872,837,REL
731,564,REL
146,800,REL
636,688,REL
953,297,REL
93,518,REL
782,937,REL
755,1,REL
238,899,REL
643,107,REL
777,688,REL
44,41,REL
208,723,REL
975,169,REL
250,643,REL
74,715,REL
871,557,REL
647,403,REL
22,618,REL
342,881,REL
827,842,REL
240,90,REL
734,568,REL
82,941,REL
529,172,REL
179,112,REL
815,74,REL
106,973,REL
687,356,REL
694,428,REL
79,796,REL
801,468,REL
832,309,REL
676,239,REL
880,366,REL
209,601,REL
809,372,REL
977,4,REL
21,857,REL
223,629,REL
215,26,REL
308,140,REL
222,215,REL
395,151,REL
90,807,REL
706,895,REL
640,827,REL
878,266,REL
260,309,REL
974,27,REL
202,518,REL
124,387,REL
932,472,REL
137,430,REL
139,651,REL
971,530,REL
781,246,REL
906,90,REL
795,252,REL
93,491,REL
431,917,REL
325,614,REL
181,734,REL
695,509,REL
647,716,REL
118,941,REL
826,995,REL
220,711,REL
911,206,REL
574,857,REL
243,18,REL
464,359,REL
859,892,REL
288,166,REL
335,826,REL
973,514,REL
666,51,REL
462,659,REL
966,251,REL
306,364,REL
368,936,REL
618,905,REL
529,85,REL
431,123,REL
107,348,REL
953,641,REL
892,548,REL
742,970,REL
994,257,REL
314,416,REL
839,333,REL
625,782,REL
159,579,REL
809,98,REL
806,221,REL
699,590,REL
703,159,REL
528,608,REL
222,265,REL
681,460,REL
878,282,REL
367,881,REL
750,75,REL
84,935,REL
766,339,REL
504,562,REL
980,924,REL
112,734,REL
294,269,REL
648,290,REL
203,303,REL
61,900,REL
144,762,REL
385,115,REL
677,629,REL
961,509,REL
212,743,REL
172,889,REL
196,842,REL
715,721,REL
955,594,REL
833,253,REL
538,320,REL
678,773,REL
275,437,REL
593,739,REL
494,996,REL
892,56,REL
766,33,REL
501,119,REL
696,554,REL
819,558,REL
961,559,REL
752,257,REL
437,716,REL
659,979,REL
855,66,REL
301,357,REL
22,270,REL
48,780,REL
208,67,REL
12,677,REL
546,360,REL
278,671,REL
772,493,REL
804,916,REL
147,988,REL
594,624,REL
761,917,REL
447,195,REL
79,843,REL
513,639,REL
809,260,REL
996,812,REL
753,716,REL
802,40,REL
50,829,REL
158,731,REL
304,964,REL
542,167,REL
955,387,REL
960,45,REL
649,624,REL
294,556,REL
770,292,REL
67,306,REL
236,727,REL
502,304,REL
530,453,REL
275,636,REL
355,174,REL
66,128,REL
935,755,REL
130,165,REL
284,554,REL
278,639,REL
35,173,REL
742,428,REL
410,45,REL
512,680,REL
50,471,REL
382,337,REL
584,931,REL
919,666,REL
393,851,REL
372,572,REL
15,927,REL
682,208,REL
295,827,REL
792,826,REL
670,637,REL
562,105,REL
732,599,REL
428,421,REL
898,745,REL
787,623,REL
413,40,REL
374,581,REL
751,972,REL
565,386,REL
753,329,REL
723,765,REL
257,659,REL
454,198,REL
842,652,REL
538,305,REL
783,889,REL
844,519,REL
422,40,REL
744,639,REL
660,161,REL
89,967,REL
358,0,REL
38,749,REL
456,538,REL
920,184,REL
851,855,REL
582,39,REL
267,42,REL
725,309,REL
829,632,REL
486,299,REL
322,895,REL
237,231,REL
57,353,REL
64,511,REL
0,816,REL
478,867,REL
602,634,REL
899,726,REL
725,268,REL
663,377,REL
701,323,REL
569,320,REL
688,284,REL
628,16,REL
521,914,REL
717,231,REL
645,758,REL
88,653,REL
268,406,REL
579,702,REL
645,256,REL
529,118,REL
929,124,REL
290,153,REL
797,84,REL
567,182,REL
728,160,REL
201,569,REL
901,226,REL
773,842,REL
766,762,REL
975,131,REL
901,306,REL
15,291,REL
544,777,REL
680,322,REL
651,176,REL
933,166,REL
998,396,REL
12,167,REL
20,473,REL
521,858,REL
101,969,REL
332,68,REL
175,897,REL
659,780,REL
64,468,REL
669,47,REL
518,272,REL
390,782,REL
979,184,REL
963,25,REL
970,551,REL
772,403,REL
514,426,REL
512,472,REL
834,30,REL
550,425,REL
39,463,REL
736,367,REL
889,441,REL
671,384,REL
391,581,REL
993,659,REL
387,38,REL
742,491,REL
15,912,REL
874,544,REL
867,471,REL
963,926,REL
379,352,REL
534,567,REL
4,3,REL
800,544,REL
560,502,REL
75,781,REL
289,50,REL
905,127,REL
166,719,REL
535,27,REL
504,818,REL
698,298,REL
846,673,REL
839,491,REL
568,600,REL
29,523,REL
416,120,REL
748,135,REL
968,857,REL
573,117,REL
397,568,REL
684,782,REL
116,599,REL
175,351,REL
802,728,REL
136,44,REL
76,436,REL
741,773,REL
763,394,REL
706,265,REL
568,305,REL
276,438,REL
409,402,REL
905,821,REL
215,655,REL
77,74,REL
38,33,REL
235,836,REL
786,206,REL
866,860,REL
486,793,REL
392,451,REL
293,64,REL
969,602,REL
466,215,REL
396,374,REL
564,807,REL
968,941,REL
587,418,REL
422,330,REL
639,683,REL
45,56,REL
285,189,REL
354,826,REL
529,245,REL
711,345,REL
558,604,REL
86,64,REL
912,388,REL
261,658,REL
290,25,REL
8,669,REL
700,640,REL
589,838,REL
631,309,REL
469,523,REL
312,365,REL
806,372,REL
220,881,REL
52,917,REL
671,322,REL
311,803,REL
743,29,REL
904,899,REL
209,637,REL
597,679,REL
54,603,REL
754,955,REL
807,971,REL
38,864,REL
716,484,REL
72,355,REL
337,824,REL
335,562,REL
987,615,REL
753,663,REL
187,962,REL
708,689,REL
916,823,REL
205,856,REL
914,532,REL
29,325,REL
531,306,REL
670,530,REL
682,84,REL
973,903,REL
383,972,REL
390,489,REL
910,501,REL
528,931,REL
95,1,REL
927,486,REL
679,972,REL
538,960,REL
397,716,REL
641,733,REL
674,509,REL
717,74,REL
181,932,REL
32,46,REL
420,672,REL
93,875,REL
671,380,REL
419,207,REL
634,425,REL
286,132,REL
488,0,REL
784,998,REL
15,942,REL
829,685,REL
448,256,REL
348,577,REL
156,172,REL
76,260,REL
81,890,REL
329,612,REL
525,62,REL
60,491,REL
125,455,REL
510,44,REL
40,606,REL
363,53,REL
36,729,REL
693,248,REL
514,644,REL
237,893,REL
925,146,REL
152,27,REL
972,273,REL
418,251,REL
616,644,REL
206,167,REL
765,54,REL
371,415,REL
234,69,REL
326,128,REL
105,895,REL
616,408,REL
448,196,REL
126,558,REL
77,444,REL
650,642,REL
541,98,REL
788,283,REL
367,932,REL
163,487,REL
184,718,REL
451,512,REL
101,949,REL
834,281,REL
960,249,REL
846,991,REL
9,648,REL
746,328,REL
722,90,REL
811,701,REL
985,40,REL
523,921,REL
285,282,REL
164,714,REL
89,152,REL
111,531,REL
354,644,REL
17,444,REL
269,887,REL
915,35,REL
939,965,REL
458,848,REL
168,689,REL
288,493,REL
536,678,REL
974,451,REL
319,745,REL
313,990,REL
335,291,REL
443,729,REL
615,884,REL
719,994,REL
41,469,REL
956,714,REL
814,643,REL
232,215,REL
675,408,REL
436,972,REL
685,698,REL
599,76,REL
254,186,REL
224,192,REL
441,630,REL
378,782,REL
622,453,REL
130,969,REL
852,704,REL
199,621,REL
751,772,REL
271,188,REL
67,324,REL
930,76,REL
62,874,REL
840,979,REL
572,468,REL
951,545,REL
595,138,REL
790,248,REL
599,361,REL
282,747,REL
882,871,REL
148,447,REL
723,371,REL
847,597,REL
617,289,REL
946,597,REL
302,190,REL
167,982,REL
850,712,REL
204,831,REL
915,767,REL
526,92,REL
940,331,REL
487,36,REL
885,484,REL
435,605,REL
306,86,REL
142,624,REL
433,114,REL
473,788,REL
646,98,REL
60,283,REL
690,388,REL
778,300,REL
742,704,REL
791,828,REL
717,725,REL
737,67,REL
